﻿importKey,householdName,lastName,firstName,middleName,nickName,birthDate,gender,maritalStatus,membershipStatus,homePhone,mobilePhone,workPhone,email,address1,address2,city,state,zip,photo
1,Jackson,Jackson,Mary,,,9/4/1974,Female,Single,Member,,918-555-6720,,mary@chums.org,6066 Crystal Byway,,Chicken,CT,6417,1.png
2,Williams,Williams,Patricia,,,5/2/1987,,Single,Visitor,,,918-555-6700,,4807 Quiet Edge,,Fink,OK,74112,2.png
3,Smith,Smith,James,,,5/16/1979,Male,Married,Member,918-555-6789,,,,,,,,,3.png
4,Smith,Smith,Jennifer,,,12/1/1980,Female,Married,Member,918-555-6789,,,,,,,,,4.png
5,Smith,Smith,Linda,,,4/1/2006,Female,Single,Member,,918-555-9999,,,,,,,,5.png
6,Brown,Brown,Robert,,,2/15/2000,Male,Divorced,Member,,918-555-1234,,,123 N Main Street,,Broken Arrow,OK,74012,6.png
7,Wilson,Wilson,Sarah,,,6/8/1987,Female,Single,Member,918-555-7777,,,,,,,,,7.png
8,Jones,Jones,Elizabeth,,,11/14/1962,Female,Single,Member,,,918-555-4004,,,,,,,8.png
9,Garcia,Garcia,Michael,,,7/1/2001,Male,Single,Member,,918-555-4321,,,,,,,,9.png
10,Johnson,Johnson,William,,,9/12/1995,Male,Married,Member,918-555-8001,,,,7509 Colonial Embers Mall,,,,,10.png
11,Johnson,Johnson,Barbara,,,2/2/1995,Female,Married,Member,918-555-8001,,,,7509 Colonial Embers Mall,,,,,11.png
12,Miller,Miller,David,,,4/7/1988,Male,Single,Member,,918-555-9845,,,,,,,,12.png
13,Davis,Davis,Richard,,,10/20/1998,Male,Married,Member,918-555-4444,,,,4752 Little Oak Common,,Zerkel,AK,99551,13.png
14,Davis,Davis,Susan,,,10/14/1997,Female,Married,Member,918-555-4444,,,,4752 Little Oak Common,,Zerkel,AK,99551,14.png
15,Rodriguez,Rodriguez,Joseph,,,6/30/1992,Male,Married,Member,918-555-6722,,,,7537 Merry Bay,,Thrifty,KY,42593,15.png
16,Rodriguez,Rodriguez,Jessica,,,8/3/1994,Female,Married,Member,918-555-6722,,,,7537 Merry Bay,,Thrifty,KY,42593,16.png
